{"r2": 0.5339406885517419, "mae": 33.565065789473685, "feature_importance": {"_type": "image-file", "sha256": "b1181ade1a4600facb974fed405dcf911467b55126158562642553c381f9c25b", "size": 46466, "path": "media/images/feature_importance_0_b1181ade1a4600facb97.png", "format": "png", "width": 1000, "height": 1000}, "_timestamp": 1712958619.0351744, "_runtime": 19.78344440460205, "_step": 0, "_wandb": {"runtime": 19}}