{"r2": 0.552568887885921, "mae": 33.45150822368421, "feature_importance": {"_type": "image-file", "sha256": "f8550ad185773f953ef2134a3552df48085a1602d406ce016845a96096fb3430", "size": 46469, "path": "media/images/feature_importance_0_f8550ad185773f953ef2.png", "format": "png", "width": 1000, "height": 1000}, "_timestamp": 1712958732.8498363, "_runtime": 34.34171533584595, "_step": 0, "_wandb": {"runtime": 34}}