{"r2": 0.5340342040659455, "mae": 33.54348026315789, "feature_importance": {"_type": "image-file", "sha256": "87f735df84d8b09c948dbf1b6e69bcccc1ad1bc13fe7a644f61a4100301c6f17", "size": 33333, "path": "media/images/feature_importance_0_87f735df84d8b09c948d.png", "format": "png", "width": 1000, "height": 1000}, "_timestamp": 1712955994.2172625, "_runtime": 39.039841413497925, "_step": 0, "_wandb": {"runtime": 38}}