{"r2": 0.5507180655211765, "mae": 33.530625, "feature_importance": {"_type": "image-file", "sha256": "90e15ea3431020a0be71e087e2ab7a14e90928ca7848f75b1473ce9acb7fdde2", "size": 46465, "path": "media/images/feature_importance_0_90e15ea3431020a0be71.png", "format": "png", "width": 1000, "height": 1000}, "_timestamp": 1712958690.658292, "_runtime": 20.877081155776978, "_step": 0, "_wandb": {"runtime": 20}}