{"r2": 0.5340342040659455, "mae": 33.54348026315789, "feature_importance": {"_type": "image-file", "sha256": "e3cc06c8e2690d2b9c65712a3fb19c8b794c97ac69f2a15169f6344a475f011d", "size": 46478, "path": "media/images/feature_importance_0_e3cc06c8e2690d2b9c65.png", "format": "png", "width": 1000, "height": 1000}, "_timestamp": 1712958660.1450906, "_runtime": 31.50171446800232, "_step": 0, "_wandb": {"runtime": 31}}